ID,Coursera Course 1 Name,AIU Course Code
1,Introduction to Object-Oriented Programming with Java,CSE015
2,Algorithmic Toolbox,CSE112
3,Engineering Practices for Building Quality Software,CSE251
4,Java Programming: Solving Problems with Software,CSE014
5,Relational database systems,CSE221
6,Biochemical Principles of Energy Metabolism,PBC202
7,Antimicrobial resistance - theory and methods,PMB202
8,Linear Circuits 1: DC Analysis,CSE113
9,Practical Python for AI coding,AIE111
10,Dynamics of infectious diseases ,BMS171
11,Get started with Photoshop,EVD217
12,Auto desk certified professional : AutoCAD for Design and Drafting Exam prep,EVD214
13,Accounting Analysis II: Measurement and Disclosure of Liabilities,ACC213
14,Managerial Accounting Fundamentals,ACC112
21,"Innovation Through Design: Think, Make, Break, Repeat",EVD111
22,https://coursera.org/learn/introduction-virtual-reality,EVD215
23,Machine Learning for All,AIE121
24,DNA Decoded,PBC201
25,Neural Networks and Deep Learning ,AIE231
26,Data Mining Foundations and Practice Specialization,AIE323
27,Introduction to Web Development,CSE211
28,Algorithmic Toolbox,CSE112
29,Unix System Basics,CSE233
30,How to Design a space - saving Table using sketchup,EVD213
31,Fundamentals of Graphic Design,VDD219
32,Image and Video Processing ,CSE281
33,https://www.coursera.org/learn/introduction-to-ai,AIE111
34,Elementary to Advanced - Equations & Inequalities,MAT212
35,Operations Research (1): Models and Applications,CIV244
36,Introduction to Biology: Evolution,BIO131
37,Fundamentals of Immunology: Death by Friendly Fire,PMB201
38,Public Health Perspectives on Sustainable Diets,PHN 211
39,"		Accounting Analysis I: Measurement and Disclosure of Assets	",ACC211
40,Introduction to Structured Query Language (SQL),BIS351 
41,Introduction to User Experience Principles and Processes,VDD212
42,"Cameras, Exposure and Photography",VDD214
43,"Recruiting, Hiring, and Onboarding Employees",MGT221
44,Sars cov 2 protein modeling and drug docking,PMC306
45,Graphic Design: Make Interior's Project Mood Boards in Gimp,EVD211
46,Academic Discussions in English,LAN111
47,Fundamental Human Physiology in sports Medicine,BMS231
48,Fundamentals of Immunology: Innate Immunity and B-Cell Function,BMS271
49,Myocardial Infarction,PPP304
50,Biochemical Principles of Energy Metabolism,PBC202
51,Foundational Skills for Communicating About Health,PPP303
52,Antimicrobial resistance - theory and methods,PMB202
53,Introduction to Reproduction,BIO132
54,Engineering Practices for Building Quality Software,CSE 251
55,Software Engineering: Software Design and Project Management,CSE352
56,Algorithmic Toolbox,CSE112
57,Fundamentals of sport physiology ,BMS 23
58,No suitable available course,PMC102
59,DNA decoded,BDS261
60,Understanding cancer metastasis,BMS351
61,Think Again II: How to Reason Deductively,AIE212
62,Introduction to AI,AIE111
63,Relational database systems,CSE221
64,55,EVD217
65,Sketchup : How to model a 3D mockup to show your artwork,EVD217
66,Autodesk Certified professional: AutoCAD for Design and Drafting Exam prep.,EVD214
67,Introduction to Virtual Reality ,EVD215
68,"Innovation Through Design: Think, Make, Break, Repeat",EVD111
69,"Textual Elements of Design: Fonts, Typography, and Spacing",VDD211
70,Creating Perspective Visuals Using Adobe illustrator,VDD227
71,Graphic Elements of Design: Color Theory and Image Formats,VDD226
72,Object-Oriented Hierarchies in Java,CSE015
73,Machine Learning for All,AIE121
74,Fundamentals of Fluid Power,CIV222
75,Autodesk Certified Professional: AutoCAD for Design and Drafting Exam Prep,MEC012
76,Introduction to Materials Science ,MEC041 
77,Instructional Design Foundations and Applications,CIV232 
78,"Tobacco Control: Agile Policy, Research and Practice",PHS235
79,"Mechanics of Materials IV: Deflections, Buckling, Combined Loading & Failure Theories",CIV113 
80,Mechanics of Materials I: Fundamentals of Stress & Strain and Axial Loading,MEC112 
81,Construction Project Management,CIV214
82,Materials Science: 10 Things Every Engineer Should Know,CIV233  
83,Geographical Information Systems - Part 1,CIV231 
84,Digital Systems: From Logic Gates to Processors,ELE234 
85,"Transportation, Sustainable Buildings, Green Construction",CIV312 
86,3D CAD Fundamental,ARC111 
87,Making Architecture,ARC242 
88,"""Digital Manufacturing & Design """,MEC121 
89,Biochemical Principles of Energy Metabolism,BME213 
90,Oil & Gas Industry Operations and Markets,PGE113 
91,Solar Energy Basics,MEC255
92,Introduction to Thermodynamics: Transferring Energy from Here to There,MEC256 
93,Mastering Statics,MAT122
94,Roman Architecture,ARC132 
95,Engineering Systems in Motion: Dynamics of Particles and Bodies in 2D Motion,MAT121
96,What Is Contemporary Art?,ARC234 
97,Smart Cities � Management of Smart Urban Infrastructures,ARC272 
98,"Coexistence in Medieval Spain: Jews, Christians, and Muslims",ARC233 
99,General Chemistry: Concept Development and Application,CHE142
100,Basic Elements of Design: Design Principles and Software Overview,ARC222 
101,Introduction to Biology: Ecology,BME215 
102,Physics 102 - Electric Charges and Fields,PHY211
103,Health Information Technology Fundamentals,BME212 
104,Measurement Systems Analysis,ELE212 
105,The Dynamic Earth: A Course for Educators,CIV215
106,Transistor - Field Effect Transistor and Bipolar Junction Transistor,ELE112 
107,Material Processing,PGE122
108,The City and You: Find Your Best Place,ARC223
109,Age of Cathedrals,ARC335
110,Sustainable Neighborhoods,PHY467
111,"""Non-Equilibrium Applications  of Statistical Thermodynamics""",MEC253
112,"""Robotics: Computational  Motion Planning""",MEC211
113,"""Foundations of Healthcare  Systems Engineering""",BME252
114,Advanced Chemistry,CHE152
115,Fundamentals of Materials Science,PGE121
116,How Things Work: An Introduction to Physics,PHY111
117,Introduction to Calculus,MAT111
118,Vector Calculus for Engineers,MAT112
119,Natural Language Processing with Classification and Vector Spaces,AIE241
120,Accounting Analysis II: Measurement and Disclosure of Liabilities,ACC213
121,Managerial Accounting Fundamentals,ACC112
122,Launch Your Online Business,BIS352
123,Summary Statistics in Public Health ,PHS236
124,Ordered Data Structures,CSE111
125,Inheritance and Data Structures in Java,BIS355
139,"Mechanics: Motion, Forces, Energy and Gravity, from Particles to Planets",PHY 111
173,How things work: introduction to physics ,PHY111 
126,Introduction to Biology: Evolution,BME215
128,Making Architecture,ARC132
130,Fundamentals of Graphic Design,ARC111
131,"Mechanics of Materials IV: Deflections, Buckling, Combined Loading & Failure Theories",CIV113
132,Object-Oriented Design,CSE015
133,DNA Decoded,PBC201
134,Epidemics-The Dynamics of Infectious Diseases ,PPP407
135,Introduction to Biology: Evolution,BIO131
136,Anatomy & Physiology: Levels of Organization,BIO241
137,Object-Oriented Design,CSE454
138,introduction to cloud computing,CSE363
171,3D CAD Fundamental,CIV 114
140,Linear Circuits 1: DC Analysis,CSE113
141,Introduction to Artificial Intelligence,AIE111
142,Relational Database Systems,CSE221
143,Neural Networks and Deep Learning,AIE231
144,Basic Statistics,"PPT403	"
145,Fundamentals of Network Communication,CSE261
146,Fundamentals of Reinforcement Learning,AIE322
147,Immunology: Adaptive Immune System,BMS271
148,Fundamentals of Immunology: Death by Friendly Fire,PMB201
149,The Language of Design: Form and Meaning,VDD332
150,Interactive Computer Graphics,VDD331
151,Design an eBook Cover that stands out using Canva,VDD332
152,Java Programming: Solving Problems with Software,CSE014
153,Ordered Data Structures,CSE111
154,Inferential Statistics,MAT231
155,How to Design a Space-Saving Table Using SketchUp,EVD213
156,Graphic Design : Make Interior's Project Mood Boards in Grimp,EVD211
157,"Cameras, Exposure and Photography",VDD214
158,Advanced Financial Reporting: Accounting for Business Combinations and Preparation of Consolidated Financial Statements,ACC411
159,Fundamentals of Network Communication,CSE261
160,Excel Skills for Business: Essentials,BIS251
161,"Introduction to Structured Query Language (SQL)	 		",BIS351 
162,"Recruiting, Hiring, and Onboarding Employees	"," 	MGT221	"
163,Introduction to Java,BIS345
164,trial,trial
165,0,trial
175,General Chemistry: Concept Development and Application,PGE111
176,3D CAD Fundamental,CIV 114
178,Introduction to Thermodynamics: Transferring Energy from Here to There,MEC151
127,Seismology to Earthquake Engineering,CIV232
129,"Urban Nature: Connecting Cities, Sustainability and Innovation",ARC272
166,Linear Circuits 1: DC Analysis,ELE 111
172,Teamwork skills:communicating effectively in groups,PHS133
167,Motors and Motor Control Circuits,ELE271
168,Natural Gas,PGE231
174,Sustainable Neighborhoods,PHY467
170,Sustainable Transportation Networks and Streetscapes,CIV 344
177,Sustainable Transportation Networks and Streetscapes,CIV 344
169,Introduction to Thermodynamics: Transferring Energy from Here to There,MEC253
179,Validity and Bias in Epidemiology,PHS331
180,Healthcare Organizations and the Health System,PHS241
181,Medical Terminology I,PHS132
182,Introduction to Healthcare,PHS251
183,Biochemical Principles of Energy Metabolism,BMS144
184,DNA Decoded,PHS261
185,Public Health Perspectives on Sustainable Diets,PHS211
186,Data and Health Indicators in Public Health Practice,PHS131
187,Summary Statistics in Public Health,PHS231
188,Healthcare Data Quality and Governance,PHS232
189,"IBM Cybersecurity Roles, Processes & Operating System Security",CSE344
190,"IBM Cybersecurity Roles, Processes & Operating System Security",CSE241
191,R Programming,BMD310
192,Multiple Regression Analysis in Public Health,MAT316
193,Introduction to Virtual Reality,EVD215
194,Engineering Practices for Building Quality Software,CSE251
