ID,Field
1,CSE
2,CSE
3,CSE
4,CSE
5,CSE
6,Art and Design
7,Pharmacy
8,CSE
9,CSE
10,Public Health
11,Art and Design
12,Art and Design
13,Business
14,Business
21,Art and Design
22,Art and Design
23,CSE
24,Pharmacy
25,CSE
26,CSE
27,CSE
28,CSE
29,CSE
30,Art and Design
31,Art and Design
32,CSE
33,CSE
34,CSE
35,Engineering
36,Basic Sciences
37,Pharmacy
38,Public Health
39,Business
40,Business
41,Art and Design
42,Art and Design
43,Business
44,Pharmacy
45,Art and Design
46,University Requirements
47,Pharmacy
48,Dentistry
49,Pharmacy
50,Pharmacy
51,Pharmacy
52,Pharmacy
53,Basic Sciences
54,CSE
55,CSE
56,CSE
57,Pharmacy
58,Pharmacy
59,Dentistry
60,Pharmacy
61,CSE
62,CSE
63,CSE
64,Art and Design
65,Art and Design
66,Art and Design
67,Art and Design
68,Art and Design
69,Art and Design
70,Art and Design
71,Art and Design
72,CSE
73,CSE
74,Engineering
75,Engineering
76,Engineering
77,Engineering
78,Public Health
79,Engineering
80,Engineering
81,Engineering
82,Engineering
83,Engineering
84,Engineering
85,Engineering
86,Engineering
87,Engineering
88,Engineering
89,Engineering
90,Engineering
91,Engineering
92,Engineering
93,Engineering
94,Engineering
95,Engineering
96,Engineering
97,Engineering
98,Engineering
99,Engineering
100,Engineering
101,Engineering
102,Engineering
103,Engineering
104,Engineering
105,Engineering
106,Engineering
107,Engineering
108,Engineering
109,Engineering
110,Engineering
111,Engineering
112,Engineering
113,Engineering
114,Engineering
115,Engineering
116,Engineering
117,Engineering
118,Engineering
119,CSE
120,Business
121,Business
122,Business
123,Public Health
124,CSE
125,Business
139,Engineering
173,Engineering
126,Engineering
128,Engineering
130,Engineering
131,Engineering
132,CSE
133,Pharmacy
134,Pharmacy
135,Basic Sciences
136,Basic Sciences
137,CSE
138,CSE
171,Engineering
140,CSE
141,CSE
142,CSE
143,CSE
144,Pharmacy
145,CSE
146,CSE
147,Dentistry
148,Pharmacy
149,Art and Design
150,Art and Design
151,Art and Design
152,CSE
153,CSE
154,CSE
155,Art and Design
156,Art and Design
157,Art and Design
158,Business
159,CSE
160,Business
161,Business
162,Business
163,Business
164,CSE
165,Engineering
175,Engineering
176,Engineering
178,Engineering
127,Engineering
129,Engineering
166,Engineering
172,Public Health
167,Engineering
168,Engineering
174,Engineering
170,Engineering
177,Engineering
169,Engineering
179,Public Health
180,Public Health
181,Public Health
182,Public Health
183,Public Health
184,Public Health
185,Public Health
186,Public Health
187,Public Health
188,Public Health
189,CSE
190,CSE
191,Public Health
192,Public Health
193,Art and Design
194,CSE
