ID,Instructor Email,Field
1,ielkabani@Aiu.edu.eg,CSE
2,ielgedawy@aiu.edu.eg,CSE
3,ielgedawy@aiu.edu.eg,CSE
4,lshoukry@aiu.edu.eg,CSE
5,lshoukry@aiu.edu.eg,CSE
6,ayazbi@aiu.edu.eg,Art and Design
7,aabouelfetouh@aiu.edu.eg,Pharmacy
8,aabdelkhalik@Aiu.edu.eg,CSE
9,lshoukry@aiu.edu.eg,CSE
10,gamaleldin.nahla@gmail.com,Public Health
11,dalia.osama@Aiu.edu.eg,Art and Design
12,dalia.osama@Aiu.edu.eg,Art and Design
13,nragab@Aiu.edu.eg,Business
14,elazab@Aiu.edu.eg,Business
21,Nfathallah@Aiu.edu.eg,Art and Design
22,Nfathallah@Aiu.edu.eg,Art and Design
23,ielkabani@aiu.edu.eg,CSE
24,ayazbi@aiu.edu.eg,Pharmacy
25,ielkabani@aiu.edu.eg,CSE
26,ielkabani@aiu.edu.eg,CSE
27,ielgedawy@aiu.edu.eg,CSE
28,ielgedawy@aiu.edu.eg,CSE
29,ielgedawy@aiu.edu.eg,CSE
30,dalia.osama@Aiu.edu.eg ,Art and Design
31,dalia.osama@Aiu.edu.eg ,Art and Design
32,lshoukry@aiu.edu.eg,CSE
33,lshoukry@aiu.edu.eg,CSE
34,msaleh@Aiu.edu.eg,CSE
35,yattallah@aiu.edu.eg,Engineering
36,adeghidy@aiu.edu.eg,Basic Sciences
37,aabouelfetouh@aiu.edu.eg,Pharmacy
38,dgenena@Aiu.edu.eg,Public Health
39,Nragab@Aiu.edu.eg ,Business
40,melsayed@Aiu.edu.eg,Business
41,ihassan@Aiu.edu.eg,Art and Design
42,myousry@Aiu.edu.eg,Art and Design
43,oelgeuoshy@aiu.edu.eg; ola.elgeuoshy@yahoo.com ,Business
44,dissa@aiu.edu.eg,Pharmacy
45,hsami@aiu@edu.eg,Art and Design
46,aramadan@aiu.edu.eg,University Requirements
47,arashed@Aiu.edu.eg,Pharmacy
48,aabouelfetouh@aiu.edu.eg,Dentistry
49,ayazbi@aiu.edu.eg,Pharmacy
50,ayazbi@aiu.edu.eg,Pharmacy
51,mamin@aiu.edu.eg,Pharmacy
52,aabouelfetouh@aiu.edu.eg,Pharmacy
53,adeghidy@aiu.edu.eg,Basic Sciences
54,ielgedawy@aiu.edu.eg,CSE
55,ielgedawy@aiu.edu.eg,CSE
56,ielgedawy@aiu.edu.eg,CSE
57,arashed@aiu.edu.eg,Pharmacy
58,mismail@aiu.edu.eg,Pharmacy
59,inabil@Aiu.edu.eg,Dentistry
60,nmohamed@Aiu.edu.eg,Pharmacy
61,lshoukry@aiu.edu.eg,CSE
62,lshoukry@aiu.edu.eg,CSE
63,lshoukry@aiu.edu.eg,CSE
64,dalia.osama@Aiu.edu.eg ,Art and Design
65,dalia.osama@Aiu.edu.eg ,Art and Design
66,arezk@Aiu.edu.eg,Art and Design
67,Not Decided yet,Art and Design
68,Not decided yet,Art and Design
69,ihassan@aiu.edu.eg,Art and Design
70,Not decided yet,Art and Design
71,aismail@aiu.edu.eg,Art and Design
72,ielkabani@aiu.edu.eg,CSE
73,ielkabani@aiu.edu.eg,CSE
74,N/A (Haven't joined yet),Engineering
75,szenhom@aiu.edu.eg,Engineering
76,N/A,Engineering
77,yattallah@Aiu.edu.eg,Engineering
78,amohey@Aiu.edu.eg,Public Health
79,mramadan@Aiu.edu.eg,Engineering
80,melhadary@Aiu.edu.eg,Engineering
81,abelsayed@Aiu.edu.eg,Engineering
82,abelsayed@Aiu.edu.eg,Engineering
83,sayaad@Aiu.edu.eg,Engineering
84,N.A,Engineering
85,helbakry@Aiu.edu.eg,Engineering
86,mkarram@Aiu.edu.eg ,Engineering
87,aelzemrany@aiu.edu.eg,Engineering
88,N.A,Engineering
89,N.A,Engineering
90,eelashtoukhy@Aiu.edu.eg,Engineering
91,N.A,Engineering
92,eelashtoukhy@Aiu.edu.eg,Engineering
93,Felbarki@aiu.edu.eg,Engineering
94, hjahin@Aiu.edu.eg,Engineering
95,Felbarki@aiu.edu.eg,Engineering
96, hjahin@Aiu.edu.eg,Engineering
97,ahasan@aiu.edu.eg,Engineering
98,aabdeldayem@Aiu.edu.eg,Engineering
99,eelashtoukhy@Aiu.edu.eg,Engineering
100,ahasan@aiu.edu.eg,Engineering
101,N/A,Engineering
102,msalem@AIU.edu.eg,Engineering
103,N/A,Engineering
104,N/A,Engineering
105,N.A,Engineering
106,amohamed@Aiu.edu.eg,Engineering
107,mramadan@Aiu.edu.eg,Engineering
108,aelzemrany@aiu.edu.eg,Engineering
109,mkarram@Aiu.edu.eg ,Engineering
110,N.A,Engineering
111,N.A,Engineering
112,asaleh@Aiu.edu.eg,Engineering
113,N.A,Engineering
114,melnaggar@Aiu.edu.eg,Engineering
115,abelsayed@Aiu.edu.eg,Engineering
116,msalem@AIU.edu.eg,Engineering
117,aabdellatief@aiu.edu.eg,Engineering
118,N.A,Engineering
119,ielkabani@aiu.edu.eg,CSE
120,nragab@aiu.edu.eg,Business
121,relazab@aiu.edu.eg,Business
122,melsayed@Aiu.edu.eg ,Business
123,Dr.iman.elsayed2020@gmail.com ,Public Health
124,aaboulhassan@aiu.edu.eg,CSE
125,aaboulhassan@aiu.edu.eg,Business
139,m.salah@mena.vt.edu,Engineering
173,mmahmoud@aiu.edu.eg,Engineering
126,azaky@Aiu.edu.eg,Engineering
128, hjahin@Aiu.edu.eg,Engineering
130,hhatem@Aiu.edu.eg,Engineering
131,mramadan@Aiu.edu.eg,Engineering
132,lshoukry@aiu.edu.eg,CSE
133,ayazbi@aiu.edu.eg,Pharmacy
134,ayazbi@aiu.edu.eg,Pharmacy
135,adeghidy@aiu.edu.eg,Basic Sciences
136,adeghidy@aiu.edu.eg,Basic Sciences
137,ielgedawy@aiu.edu.eg,CSE
138,ielgedawy@aiu.edu.eg,CSE
171,yattallah@aiu.edu.eg,Engineering
140,aelserougi@aiu.edu.eg,CSE
141,lshoukry@aiu.edu.eg,CSE
142,lshoukry@aiu.edu.eg,CSE
143,lshoukry@aiu.edu.eg,CSE
144,nematalla@gmail.com,Pharmacy
145,eng_mikholy@alexu.edu.eg,CSE
146,ielkabani@aiu.edu.eg,CSE
147,aabouelfetouh@aiu.edu.eg,Dentistry
148,aabouelfetouh@aiu.edu.eg,Pharmacy
149,aismail@Aiu.edu.eg,Art and Design
150,aismail@Aiu.edu.eg,Art and Design
151,aismail@Aiu.edu.eg,Art and Design
152,ielkabani@aiu.edu.eg,CSE
153,mmekhaeil@Aiu.edu.eg,CSE
154,mmekhaeil@Aiu.edu.eg,CSE
155,aelshafie@Aiu.edu.eg,Art and Design
156,aelshafei@Aiu.edu,Art and Design
157,HISHAM_MAREY@a-arts.helwan.edu.eg,Art and Design
158,nragab@Aiu.edu.eg,Business
159,eng_mikholy@alexu.edu.eg,CSE
160,dsalama@aiu.edu.eg,Business
161,melsayed@Aiu.edu.eg,Business
162,agamie@aiu.edu.eg,Business
163,"	melsayed@Aiu.edu.eg",Business
164,trial,CSE
165,trial,Engineering
175,relmaghraby@aiu.edu.eg,Engineering
176,yattallah@aiu.edu.eg,Engineering
178,ahelmy@aiu.edu.eg,Engineering
127,yattallah@Aiu.edu.eg,Engineering
129,ahasan@aiu.edu.eg,Engineering
166,hkotb@Aiu.edu.eg,Engineering
172,eelhakeem@aiu.edu.eg,Public Health
167,msedky@AIU.edu.eg,Engineering
168,aabdellatif@Aiu.edu.eg/fshokry@aiu.edu.eg,Engineering
174,nabadeer@aiu.edu.eg,Engineering
170,yattallah@aiu.edu.eg,Engineering
177,yattallah@aiu.edu.eg,Engineering
169,malnakeeb@Aiu.edu.eg,Engineering
179,nebrahim@aiu.edu.eg,Public Health
180,nshawky@aiu.edu.eg,Public Health
181,Edarwish@aiu.edu.eg,Public Health
182,Edarwish@aiu.edu.eg,Public Health
183,Nyassa@aiu.edu.eg,Public Health
184,Nyassa@aiu.edu.eg,Public Health
185,dgenena@aiu.edu.eg,Public Health
186,ngamaleldin@aiu.edu.eg,Public Health
187,rhassan@aiu.edu.eg,Public Health
188,rhassan@aiu.edu.eg,Public Health
189,imoursy@aiu.edu.eg,CSE
190,imoursy@aiu.edu.eg,CSE
191,Nelkazaz@aiu.edu.eg ,Public Health
192,Nelkazaz@aiu.edu.eg,Public Health
193,meltonsy@aiu.edu.eg,Art and Design
194,ielgedawy@aiu.edu.eg,CSE
